ქვეყნები,1,2,3,4
საქართველო,საქართველოსთან,საქართველოში,საქართველოდან,საქართველოს
ავსტრია,ავსტრიასთან,ავსტრიაში,ავსტრიიდან,ავსტრიის
ბელგია,ბელგიასთან,ბელგიაში,ბელგიიდან,ბელგიის
ბულგარეთი,ბულგარეთთან,ბულგარეთში,ბულგარეთიდან,ბულგარეთის
გერმანია,გერმანიასთან,გერმანიაში,გერმანიიდან,გერმანიის
დანია,დანიასთან,დანიაში,დანიიდან,დანიის
ესპანეთი,ესპანეთთან,ესპანეთში,ესპანეთიდან,ესპანეთის
ესტონეთი,ესტონეთთან,ესტონეთში,ესტონეთიდან,ესტონეთის
ირლანდია,ირლანდიასთან,ირლანდიაში,ირლანდიიდან,ირლანდიის
იტალია,იტალიასთან,იტალიაში,იტალიიდან,იტალიის
კვიპროსი,კვიპროსთან,კვიპროსში,კვიპროსიდან,კვიპროსის
ლატვია,ლატვიასთან,ლატვიაში,ლატვიიდან,ლატვიის
ლიეტუვა,ლიეტუვასთან,ლიეტუვაში,ლიეტუვიდან,ლიეტუვის
ლუქსემბურგი,ლუქსემბურგთან,ლუქსემბურგში,ლუქსემბურგიდან,ლუქსემბურგის
მალტა,მალტასთან,მალტაში,მალტიდან,მალტის
ნიდერლანდები,ნიდერლანდებთან,ნიდერლანდებში,ნიდერლანდებიდან,ნიდერლანდების
პოლონეთი,პოლონეთთან,პოლონეთში,პოლონეთიდან,პოლონეთის
პორტუგალია,პორტუგალიასთან,პორტუგალიაში,პორტუგალიიდან,პორტუგალიის
რუმინეთი,რუმინეთთან,რუმინეთში,რუმინეთიდან,რუმინეთის
საბერძნეთი,საბერძნეთთან,საბერძნეთში,საბერძნეთიდან,საბერძნეთის
საფრანგეთი,საფრანგეთთან,საფრანგეთში,საფრანგეთიდან,საფრანგეთის
სლოვაკეთი,სლოვაკეთთან,სლოვაკეთში,სლოვაკეთიდან,სლოვაკეთის
სლოვენია,სლოვენიასთან,სლოვენიაში,სლოვენიიდან,სლოვენიის
უნგრეთი,უნგრეთთან,უნგრეთში,უნგრეთიდან,უნგრეთის
ფინეთი,ფინეთთან,ფინეთში,ფინეთიდან,ფინეთის
შვედეთი,შვედეთთან,შვედეთში,შვედეთიდან,შვედეთის
ჩეხეთი,ჩეხეთთან,ჩეხეთში,ჩეხეთიდან,ჩეხეთის
ხორვატია,ხორვატიასთან,ხორვატიაში,ხორვატიიდან,ხორვატიის
აზერბაიჯანი,აზერბაიჯანთან,აზერბაიჯანში,აზერბაიჯანიდან,აზერბაიჯანის
ბელარუსი,ბელარუსთან,ბელარუსში,ბელარუსიიდან,ბელარუსიის
თურქმენეთი,თურქმენეთთან,თურქმენეთში,თურქმენეთიდან,თურქმენეთის
მოლდოვა,მოლდოვასთან,მოლდოვაში,მოლდოვიდან,მოლდოვის
რუსეთი,რუსეთთან,რუსეთში,რუსეთიდან,რუსეთის
სომხეთი,სომხეთთან,სომხეთში,სომხეთიდან,სომხეთის
ტაჯიკეთი,ტაჯიკეთთან,ტაჯიკეთში,ტაჯიკეთიდან,ტაჯიკეთის
უზბეკეთი,უზბეკეთთან,უზბეკეთში,უზბეკეთიდან,უზბეკეთის
უკრაინა,უკრაინასთან,უკრაინაში,უკრაინიდან,უკრაინის
ყაზახეთი,ყაზახეთთან,ყაზახეთში,ყაზახეთიდან,ყაზახეთის
ყირგიზეთი,ყირგიზეთთან,ყირგიზეთში,ყირგიზეთიდან,ყირგიზეთის
ბაჰამები,ბაჰამებთან,ბაჰამებში,ბაჰამებიდან,ბაჰამების
ბელიზი,ბელიზთან,ბელიზში,ბელიზიდან,ბელიზის
"ვირჯინიის კუნძულები, დიდი ბრიტანეთი",ვირჯინიის კუნძულებთან (გს),ვირჯინიის კუნძულებში (გს),ვირჯინიის კუნძულებიდან (გს),ვირჯინიის კუნძულების (გს)
კაიმანის კუნძულები,კაიმანის კუნძულებთან,კაიმანის კუნძულებში,კაიმანის კუნძულებიდან,კაიმანის კუნძულების
პანამა,პანამასთან,პანამაში,პანამიდან,პანამის
სენტკიტს-ნევისი,სენტკიტს-ნევისთან,სენტკიტს-ნევისიში,სენტკიტს-ნევისიდან,სენტკიტს-ნევისის
ანგუილა,ანგუილასთან,ანგუილაში,ანგუილიდან,ანგუილის
ანტიგუა და ბარბუდა,ანტიგუა და ბარბუდასთან,ანტიგუა და ბარბუდაში,ანტიგუა და ბარბუდიდან,ანტიგუა და ბარბუდის
არუბა,არუბასთან,არუბაში,არუბიდან,არუბის
ბარბადოსი,ბარბადოსთან,ბარბადოსში,ბარბადოსიდან,ბარბადოსის
კოსტა-რიკა,კოსტა-რიკასთან,კოსტა-რიკაში,კოსტა-რიკიდან,კოსტა-რიკის
გვადელუპა,გვადელუპასთან,გვადელუპაში,გვადელუპიდან,გვადელუპის
კუბა,კუბასთან,კუბაში,კუბიდან,კუბის
კურაკაო,კურაკაოსთან,კურაკაოში,კურაკაოდან,კურაკაოს
დომინიკის რესპუბლიკა,დომინიკის რესპუბლიკასთან,დომინიკის რესპუბლიკაში,დომინიკის რესპუბლიკიდან,დომინიკის რესპუბლიკის
დომინიკა,დომინიკასთან,დომინიკაში,დომინიკიდან,დომინიკის
ელ სალვადორი,ელ სალვადორთან,ელ სალვადორში,ელ სალვადორიდან,ელ სალვადორის
გრენადა,გრენადასთან,გრენადაში,გრენადიდან,გრენადის
გვატემალა,გვატემალასთან,გვატემალაში,გვატემალიდან,გვატემალის
ბერმუდა,ბერმუდასთან,ბერმუდაში,ბერმუდიდან,ბერმუდის
ჰაიტი,ჰაიტისთან,ჰაიტიში,ჰაიტიდან,ჰაიტის
ჰონდურასი,ჰონდურასთან,ჰონდურასში,ჰონდურასიდან,ჰონდურასის
იამაიკა,იამაიკასთან,იამაიკაში,იამაიკიდან,იამაიკის
მონსერატი,მონსერატთან,მონსერატში,მონსერატიდან,მონსერატის
ნავასა,ნავასასთან,ნავასაში,ნავასიდან,ნავასის
ნიკარაგუა,ნიკარაგუასთან,ნიკარაგუაში,ნიკარაგუიდან,ნიკარაგუის
პუერტო-რიკო,პუერტო-რიკოსთან,პუერტო-რიკოში,პუერტო-რიკოდან,პუერტო-რიკოს
სენ-ბართელემი,სენ-ბართელემისთან,სენ-ბართელემიში,სენ-ბართელემიდან,სენ-ბართელემის
სენტ ლუსია,სენტ ლუსიასთან,სენტ ლუსიაში,სენტ ლუსიიდან,სენტ ლუსიის
სინტ-მარტენი,სინტ-მარტენთან,სინტ-მარტენში,სინტ-მარტენიდან,სინტ-მარტენის
მარტინიკა,მარტინიკასთან,მარტინიკაში,მარტინიკიდან,მარტინიკის
სენტ ვინსენტი და გრენადინები,სენტ ვინსენტი და გრენადინებთან,სენტ ვინსენტი და გრენადინებში,სენტ ვინსენტი და გრენადინებიდან,სენტ ვინსენტი და გრენადინების
სენ-მარტენი,სენ-მარტენთან,სენ-მარტენში,სენ-მარტენიდან,სენ-მარტენის
ტრინიდადი და ტობაგო,ტრინიდადი და ტობაგოსთან,ტრინიდადი და ტობაგოში,ტრინიდადი და ტობაგოდან,ტრინიდადი და ტობაგოს
ტერქსისა და კაიკოსის კუნძულები,ტერქსისა და კაიკოსის კუნძულებთან,ტერქსისა და კაიკოსის კუნძულებში,ტერქსისა და კაიკოსის კუნძულებიდან,ტერქსისა და კაიკოსის კუნძულების
"ვირჯინიის კუნძულები, ა.შ.შ.",ვირჯინიის კუნძულებთან (აშშ),ვირჯინიის კუნძულებში (აშშ),ვირჯინიის კუნძულებიდან (აშშ),ვირჯინიის კუნძულების (აშშ)
ავსტრალია,ავსტრალიასთან,ავსტრალიაში,ავსტრალიიდან,ავსტრალიის
მარშალის კუნძულები,მარშალის კუნძულებთან,მარშალის კუნძულებში,მარშალის კუნძულებიდან,მარშალის კუნძულების
ამერიკის სამოა,ამერიკის სამოასთან,ამერიკის სამოაში,ამერიკის სამოიდან,ამერიკის სამოის
ეშმორისა და კარტიეს კუნძულები,ეშმორისა და კარტიეს კუნძულებთან,ეშმორისა და კარტიეს კუნძულებში,ეშმორისა და კარტიეს კუნძულებიდან,ეშმორისა და კარტიეს კუნძულების
ბეიკერი,ბეიკერთან,ბეიკერში,ბეიკერიდან,ბეიკერის
შობის კუნძული,შობის კუნძულთან,შობის კუნძულში,შობის კუნძულიდან,შობის კუნძულის
ქოქოსის კუნძული,ქოქოსის კუნძულთან,ქოქოსის კუნძულში,ქოქოსის კუნძულიდან,ქოქოსის კუნძულის
კუკის კუნძულები,კუკის კუნძულებთან,კუკის კუნძულებში,კუკის კუნძულებიდან,კუკის კუნძულების
მარჯნის კუნძულები,მარჯნის კუნძულებთან,მარჯნის კუნძულებში,მარჯნის კუნძულებიდან,მარჯნის კუნძულების
ფიჯი,ფიჯისთან,ფიჯიში,ფიჯიდან,ფიჯის
საფრანგეთის პოლინეზია,საფრანგეთის პოლინეზიასთან,საფრანგეთის პოლინეზიაში,საფრანგეთის პოლინეზიიდან,საფრანგეთის პოლინეზიის
გუამი,გუამისთან,გუამიში,გუამიდან,გუამის
ჰოულენდი,ჰოულენდთან,ჰოულენდში,ჰოულენდიდან,ჰოულენდის
კირიბატი,კირიბატისთან,კირიბატიში,კირიბატიდან,კირიბატის
მიკრონეზია,მიკრონეზიასთან,მიკრონეზიაში,მიკრონეზიიდან,მიკრონეზიის
ნაურუ,ნაურუსთან,ნაურუში,ნაურუდან,ნაურუს
ახალი კალედონია,ახალ კალედონიასთან,ახალ კალედონიაში,ახალი კალედონიიდან,ახალი კალედონიის
ახალი ზელანდია,ახალ ზელანდიასთან,ახალ ზელანდიაში,ახალი ზელანდიიდან,ახალი ზელანდიის
ნიუე,ნიუესთან,ნიუეში,ნიუედან,ნიუეს
ნორფოლკი,ნორფოლკთან,ნორფოლკში,ნორფოლკიდან,ნორფოლკის
ჩრდ. მარიანას კუნძულები,ჩრდ. მარიანას კუნძულებთან,ჩრდ. მარიანას კუნძულებში,ჩრდ. მარიანას კუნძულებიდან,ჩრდ. მარიანას კუნძულების
პალაუ,პალაუსთან,პალაუში,პალაუდან,პალაუს
პალმირა ატოლი,პალმირა ატოლთან,პალმირა ატოლში,პალმირა ატოლიდან,პალმირა ატოლის
სოლომონის კუნძულები,სოლომონის კუნძულებთან,სოლომონის კუნძულებში,სოლომონის კუნძულებიდან,სოლომონის კუნძულების
ტოკელაუ,ტოკელაუსთან,ტოკელაუში,ტოკელაუდან,ტოკელაუს
ტონგა,ტონგასთან,ტონგაში,ტონგადან,ტონგას
ტუვალუ,ტუვალუსთან,ტუვალუში,ტუვალუდან,ტუვალუს
ვანუატუ,ვანუატუსთან,ვანუატუში,ვანუატუდან,ვანუატუს
უეიკის კუნძული,უეიკის კუნძულთან,უეიკის კუნძულში,უეიკის კუნძულიდან,უეიკის კუნძულის
ჩინეთი,ჩინეთთან,ჩინეთში,ჩინეთიდან,ჩინეთის
ჰონგ-კონგი,ჰონგ-კონგთან,ჰონგ-კონგში,ჰონგ-კონგიდან,ჰონგ-კონგის
ინდოეთი,ინდოეთთან,ინდოეთში,ინდოეთიდან,ინდოეთის
იაპონია,იაპონიასთან,იაპონიაში,იაპონიიდან,იაპონიის
სამხრეთ კორეა,სამხრეთ კორეასთან,სამხრეთ კორეაში,სამხრეთ კორეიდან,სამხრეთ კორეის
ფილიპინები,ფილიპინებთან,ფილიპინებში,ფილიპინებიდან,ფილიპინების
ბრუნეი,ბრუნეისთან,ბრუნეიში,ბრუნეიდან,ბრუნეის
ბურმა,ბურმასთან,ბურმაში,ბურმიდან,ბურმის
კამბოჯა,კამბოჯასთან,კამბოჯაში,კამბოჯიდან,კამბოჯის
ინდონეზია,ინდონეზიასთან,ინდონეზიაში,ინდონეზიიდან,ინდონეზიის
ჩრდილოეთ კორეა,ჩრდილოეთ კორეასთან,ჩრდილოეთ კორეაში,ჩრდილოეთ კორეიდან,ჩრდილოეთ კორეის
ლაოსი,ლაოსთან,ლაოსში,ლაოსიდან,ლაოსის
მაკაუ,მაკაუსთან,მაკაუში,მაკაუდან,მაკაუს
მალაიზია,მალაიზიასთან,მალაიზიაში,მალაიზიიდან,მალაიზიის
მონღოლეთი,მონღოლეთთან,მონღოლეთში,მონღოლეთიდან,მონღოლეთის
პაპუა ახალი გვინეა,პაპუა ახალ გვინეასთან,პაპუა ახალ გვინეაში,პაპუა ახალი გვინეიდან,პაპუა ახალი გვინეის
სინგაპური,სინგაპურთან,სინგაპურში,სინგაპურიდან,სინგაპურის
სპრატლის კუნძულები,სპრატლის კუნძულებთან,სპრატლის კუნძულებში,სპრატლის კუნძულებიდან,სპრატლის კუნძულების
"ტაივანი, ჩინეთის პროვინცია",ტაივანთან,ტაივანში,ტაივანიდან,ტაივანის
ტაილანდი,ტაილანდთან,ტაილანდში,ტაილანდიდან,ტაილანდის
ტიმორ ლესტე,ტიმორ ლესტესთან,ტიმორ ლესტეში,ტიმორ ლესტედან,ტიმორ ლესტეს
ვიეტნამი,ვიეტნამთან,ვიეტნამში,ვიეტნამიდან,ვიეტნამის
ავღანეთი,ავღანეთთან,ავღანეთში,ავღანეთიდან,ავღანეთის
ბანგლადეში,ბანგლადეშთან,ბანგლადეშში,ბანგლადეშიდან,ბანგლადეშის
ბუტანი,ბუტანთან,ბუტანში,ბუტანიდან,ბუტანის
ბრიტანეთის ტერიტორია ინდოეთის ოკენაეში,ბრიტანეთის ტერიტორიებთან ინდოეთის ოკენაეში,ბრიტანეთის ტერიტორიაში ინდოეთის ოკენაეში,ბრიტანეთის ტერიტორიიდან ინდოეთის ოკენაეში,ბრიტანეთის ტერიტორიას ინდოეთის ოკენაეში
მალდივები,მალდივებთან,მალდივებში,მალდივებიდან,მალდივების
ნეპალი,ნეპალთან,ნეპალში,ნეპალიდან,ნეპალის
პაკისტანი,პაკისტანთან,პაკისტანში,პაკისტანიდან,პაკისტანის
შრი-ლანკა,შრი-ლანკასთან,შრი-ლანკაში,შრი-ლანკიდან,შრი-ლანკის
ეგვიპტე,ეგვიპტესთან,ეგვიპტეში,ეგვიპტედან,ეგვიპტის
ლიბია,ლიბიასთან,ლიბიაში,ლიბიიდან,ლიბიის
მავრიკი,მავრიკთან,მავრიკში,მავრიკიდან,მავრიკის
სეიშელის კუნძულები,სეიშელის კუნძულებთან,სეიშელის კუნძულებში,სეიშელის კუნძულებიდან,სეიშელის კუნძულების
ალჟირი,ალჟირთან,ალჟირში,ალჟირიდან,ალჟირის
ანგოლა,ანგოლასთან,ანგოლაში,ანგოლიდან,ანგოლის
ბენინი,ბენინთან,ბენინში,ბენინიდან,ბენინის
ბოტსვანა,ბოტსვანასთან,ბოტსვანაში,ბოტსვანიდან,ბოტსვანის
ბურკინა-ფასო,ბურკინა-ფასოსთან,ბურკინა-ფასოში,ბურკინა-ფასოდან,ბურკინა-ფასოს
ბურუნდი,ბურუნდისთან,ბურუნდიში,ბურუნდიდან,ბურუნდის
კაბო-ვერდე,კაბო-ვერდესთან,კაბო-ვერდეში,კაბო-ვერდედან,კაბო-ვერდეს
კამერუნი,კამერუნთან,კამერუნში,კამერუნიდან,კამერუნის
ცენტრალური აფრიკის რესპუბლიკა,ცენტრალური აფრიკის რესპუბლიკასთან,ცენტრალური აფრიკის რესპუბლიკაში,ცენტრალური აფრიკის რესპუბლიკიდან,ცენტრალური აფრიკის რესპუბლიკის
ჩადი,ჩადთან,ჩადში,ჩადიდან,ჩადის
კომორის კუნძულები,კომორის კუნძულებთან,კომორის კუნძულებში,კომორის კუნძულებიდან,კომორის კუნძულების
კონგოს დემოკრატიული რესპუბლიკა,კონგოს დემოკრატიული რესპუბლიკასთან,კონგოს დემოკრატიული რესპუბლიკაში,კონგოს დემოკრატიული რესპუბლიკიდან,კონგოს დემოკრატიული რესპუბლიკის
კონგო,კონგოსთან,კონგოში,კონგოდან,კონგოს
კოტ-დივუარი,კოტ-დივუართან,კოტ-დივუარში,კოტ-დივუარიდან,კოტ-დივუარის
ჯიბუტი,ჯიბუტისთან,ჯიბუტიში,ჯიბუტიდან,ჯიბუტის
ეკვატორული გვინეა,ეკვატორულ გვინეასთან,ეკვატორულ გვინეაში,ეკვატორული გვინეიდან,ეკვატორული გვინეის
ერიტრეა,ერიტრეასთან,ერიტრეაში,ერიტრეიდან,ერიტრეის
ესვატინი,ესვატინისთან,ესვატინიში,ესვატინიდან,ესვატინის
ეთიოპია,ეთიოპიასთან,ეთიოპიაში,ეთიოპიიდან,ეთიოპიის
გაბონი,გაბონთან,გაბონში,გაბონიდან,გაბონის
გამბია,გამბიასთან,გამბიაში,გამბიიდან,გამბიის
განა,განასთან,განაში,განიდან,განის
გვინეა,გვინეასთან,გვინეაში,გვინეიდან,გვინეის
გვინეა-ბისაუ,გვინეა-ბისაუსთან,გვინეა-ბისაუში,გვინეა-ბისაუდან,გვინეა-ბისაუს
კენია,კენიასთან,კენიაში,კენიიდან,კენიის
ლესოტო,ლესოტოსთან,ლესოტოში,ლესოტოდან,ლესოტოს
ლიბერია,ლიბერიასთან,ლიბერიაში,ლიბერიიდან,ლიბერიის
მადაგასკარი,მადაგასკართან,მადაგასკარში,მადაგასკარიდან,მადაგასკარის
მალავი,მალავისთან,მალავიში,მალავიდან,მალავის
მალი,მალისთან,მალიში,მალიდან,მალის
მაურიტიუსი,მაურიტიუსთან,მაურიტიუსში,მაურიტიუსიდან,მაურიტიუსის
მაროკო,მაროკოსთან,მაროკოში,მაროკოდან,მაროკოს
მოზამბიკი,მოზამბიკთან,მოზამბიკში,მოზამბიკიდან,მოზამბიკის
ნამიბია,ნამიბიასთან,ნამიბიაში,ნამიბიიდან,ნამიბიის
ნიგერი,ნიგერთან,ნიგერში,ნიგერიიდან,ნიგერიის
ნიგერია,ნიგერიასთან,ნიგერიაში,ნიგერიიდან,ნიგერიის
რუანდა,რუანდასთან,რუანდაში,რუანდიდან,რუანდის
სენტ-ჰელენა,სენტ-ჰელენასთან,სენტ-ჰელენაში,სენტ-ჰელენიდან,სენტ-ჰელენის
სან-ტომე და პრინსიპი,სან-ტომე და პრისიპთან,სან-ტომე და პრინსიპიში,სან-ტომე და პრინსიპიდან,სან-ტომე და პრინიპის
სენეგალი,სენეგალთან,სენეგალში,სენეგალიდან,სენეგალის
სიერა-ლეონე,სიერა-ლეონესთან,სიერა-ლეონეში,სიერა-ლეონედან,სიერა-ლეონეს
სომალი,სომალისთან,სომალიში,სომალიდან,სომალის
სამხრეთ აფრიკა,სამხრეთ აფრიკასთან,სამხრეთ აფრიკაში,სამხრეთ აფრიკიდან,სამხრეთ აფრიკის
სამხრეთ სუდანი,სამხრეთ სუდანთან,სამხრეთ სუდანში,სამხრეთ სუდანიდან,სამხრეთ სუდანის
სუდანი,სუდანთან,სუდანში,სუდანიდან,სუდანის
ტანზანია,ტანზანიასთან,ტანზანიაში,ტანზანიიდან,ტანზანიის
ტოგო,ტოგოსთან,ტოგოში,ტოგოდან,ტოგოს
ტუნისი,ტუნისთან,ტუნისიში,ტუნისიდან,ტუნისის
უგანდა,უგანდასთან,უგანდაში,უგანდიდან,უგანდის
ზამბია,ზამბიასთან,ზამბიაში,ზამბიიდან,ზამბიის
ზიმბაბვე,ზიმბაბვესთან,ზიმბაბვეში,ზიმბაბვედან,ზიმბაბვეს
ირანი,ირანთან,ირანში,ირანიდან,ირანის
საუდის არაბეთი,საუდის არაბეთთან,საუდის არაბეთში,საუდის არაბეთიდან,საუდის არაბეთის
ისრაელი,ისრაელთან,ისრაელში,ისრაელიდან,ისრაელის
ლიბანი,ლიბანთან,ლიბანში,ლიბანიდან,ლიბანის
იორდანია,იორდანიასთან,იორდანიაში,იორდანიიდან,იორდანიის
კატარი,კატართან,კატარში,კატარიდან,კატარის
სირია,სირიასთან,სირიაში,სირიიდან,სირიის
ერაყი,ერაყთან,ერაყში,ერაყიდან,ერაყის
ბაჰრეინი,ბაჰრეინთან,ბაჰრეინში,ბაჰრეინიდან,ბაჰრეინის
თურქეთი,თურქეთთან,თურქეთში,თურქეთიდან,თურქეთის
პალესტინა,პალესტინასთან,პალესტინაში,პალესტინიდან,პალესტინის
იემენი,იემენთან,იემენში,იემენიდან,იემენის
არაბთა გაერთიანებული საემიროები,არაბთა გაერთიანებულ საემიროებთან,არაბთა გაერთიანებულ საემიროებში,არაბთა გაერთიანებული საემიროებიდან,არაბთა გაერთიანებული საემიროების
ქუვეითი,ქუვეითთან,ქუვეითში,ქუვეითიდან,ქუვეითის
ომანი,ომანთან,ომანში,ომანიდან,ომანის
არგენტინა,არგენტინასთან,არგენტინაში,არგენტინიდან,არგენტინის
ბოლივია,ბოლივიასთან,ბოლივიაში,ბოლივიიდან,ბოლივიის
ბრაზილია,ბრაზილიასთან,ბრაზილიაში,ბრაზილიიდან,ბრაზილიის
ჩილე,ჩილესთან,ჩილეში,ჩილედან,ჩილეს
კოლომბია,კოლომბიასთან,კოლომბიაში,კოლომბიიდან,კოლომბიის
ეკვადორი,ეკვადორთან,ეკვადორში,ეკვადორიდან,ეკვადორის
ფოლკლენდის კუნძულები,ფოლკლენდის კუნძულებთან,ფოლკლენდის კუნძულებში,ფოლკლენდის კუნძულებიდან,ფოლკლენდის კუნძულებს
ფრანგული გაიანა,ფრანგულ გაიანასთან,ფრანგულ გაიანაში,ფრანგული გაიანიდან,ფრანგული გაიანის
გაიანა,გაიანასთან,გაიანაში,გაიანიდან,გაიანის
პარაგვაი,პარაგვაისთან,პარაგვაიში,პარაგვაიდან,პარაგვაის
პერუ,პერუსთან,პერუში,პერუდან,პერუს
სურინამი,სურინამისთან,სურინამიში,სურინამიდან,სურინამის
ურუგვაი,ურუგვაისთან,ურუგვაიში,ურუგვაიდან,ურუგვაის
ვენესუელა,ვენესუელასთან,ვენესუელაში,ვენესუელიდან,ვენესუელის
კანადა,კანადასთან,კანადაში,კანადიდან,კანადის
აშშ,აშშ-სთან,აშშ-ში,აშშ-დან,აშშ-ის
მექსიკა,მექსიკასთან,მექსიკაში,მექსიკიდან,მექსიკის
ალბანეთი,ალბანეთთან,ალბანეთში,ალბანეთიდან,ალბანეთის
გიბრალტარი,გიბრალტართან,გიბრალტარში,გიბრალტარიდან,გიბრალტარის
ბოსნია და ჰერცეგოვინა,ბოსნია და ჰერცეგოვინასთან,ბოსნია და ჰერცეგოვინაში,ბოსნია და ჰერცეგოვინიდან,ბოსნია და ჰერცეგოვინის
ჩრდილოეთ მაკედონია,ჩრდილოეთ მაკედონიასთან,ჩრდილოეთ მაკედონიაში,ჩრდილოეთ მაკედონიიდან,ჩრდილოეთ მაკედონიის
ისლანდია,ისლანდიასთან,ისლანდიაში,ისლანდიიდან,ისლანდიის
მონაკო,მონაკოსთან,მონაკოში,მონაკოდან,მონაკოს
მონტენეგრო,მონტენეგროსთან,მონტენეგროში,მონტენეგროდან,მონტენეგროს
ნორვეგია,ნორვეგიასთან,ნორვეგიაში,ნორვეგიიდან,ნორვეგიის
სერბეთი,სერბეთთან,სერბეთში,სერბეთიდან,სერბეთის
შვეიცარია,შვეიცარიასთან,შვეიცარიაში,შვეიცარიიდან,შვეიცარიის
გაერთიანებული სამეფო,გაერთიანებულ სამეფოსთან,გაერთიანებულ სამეფოში,გაერთიანებული სამეფოდან,გაერთიანებული სამეფოს
ანდორა,ანდორასთან,ანდორაში,ანდორადან,ანდორას
ვატიკანი,ვატიკანთან,ვატიკანში,ვატიკანიდან,ვატიკანის
გერნზი,გერნზისთან,გერნზიში,გერნზიდან,გერნზის
სან-მარინო,სან-მარინოსთან,სან-მარინოში,სან-მარინოდან,სან-მარინოს
ლიხტენშტაინი,ლიხტენშტაინთან,ლიხტენშტაინში,ლიხტენშტაინიდან,ლიხტენშტაინის
ანგილია,ანგილიასთან,ანგილიაში,ანგილიიდან,ანგილიის
სენტ კრისტოფერი და ნევის,სენტ კრისტოფერი და ნევისთან,სენტ კრისტოფერი და ნევისში,სენტ კრისტოფერი და ნევისიდან,სენტ კრისტოფერი და ნევისის
ველისი და ფუტუნა,ველისი და ფუტუნასთან,ველისი და ფუტუნაში,ველისი და ფუტუნადან,ველისი და ფუტუნას
სამოა,სამოასთან,სამოაში,სამოადან,სამოას
მიანმარი,მიანმართან,მიანმარში,მიანმარიდან,მიანმარის
მაიოტა,მაიოტასთან,მაიოტაში,მაიოტადან,მაიოტას
რეუნიონი,რეუნიონთან,რეუნიონში,რეუნიონიდან,რეუნიონის
მავრიტანია,მავრიტანიასთან,მავრიტანიაში,მავრიტანიიდან,მავრიტანიის
სვაზილენდი,სვაზილენდთან,სვაზილენდში,სვაზილენდიდან,სვაზილენდის
ჩრდილოეთ მარიანას კუნძულები,ჩრდილოეთ მარიანას კუნძულებთან,ჩრდილოეთ მარიანას კუნძულებში,ჩრდილოეთ მარიანას კუნძულებიდან,ჩრდილოეთ მარიანას კუნძულების
ნიდერლანდების ანტილები,ნიდერლანდების ანტილებთან,ნიდერლანდების ანტილებში,ნიდერლანდების ანტილებიდან,ნიდერლანდების ანტილების
საფრანგეთის სამხრეთი ტერიტორიები,საფრანგეთის სამხრეთ ტერიოტორიებთან,საფრანგეთის სამხრეთ ტერიოტორიებში,საფრანგეთის სამხრეთ ტერიოტორიებიდან,საფრანგეთის სამხრეთ ტერიოტორიებს
ფარერის კუნძულები,ფარერის კუნძულებთან,ფარერის კუნძულებში,ფარერის კუნძულებიდან,ფარერის კუნძულების
გრენლანდია,გრენლანდიასთან,გრენლანდიაში,გრენლანდიიდან,გრენლანდიის
