კოდი,შემოკლებული დასახელება
0101,ცოცხალი ცხენები და ვირები
0102,ცოცხალი მსხვილფეხა პირუტყვი
0103,ცოცხალი ღორები 
0104,ცოცხალი ცხვრები და თხები 
0105,ცოცხალი შინაური ფრინველი 
0106,დანარჩენი ცოცხალი ცხოველები
0201,ახალი საქონლის ხორცი
0202,გაყინული საქონლის ხორცი
0203,ღორის ხორცი
0204,ახალი ცხვრის ან თხის ხორცი
0205,"ახალი ხორცი ცხენების, ვირების"
0206,გაყინული საკვები სუბპროდუქტები
0207,შინაური ფრინველის ხორცი
0208,ხორცის საკვები სუბპროდუქტები
0209,ღორის ქონი
0210,დამარილებული ხორცი
0301,ცოცხალი თევზი
0302,ახალი თევზი
0303,გაყინული თევზი
0304,გაყინული თევზის ფილე
0305,დამარილებული ხმელი თევზი
0306,კიბოსნაირნი
0307,მოლუსკები
0308,წყლის უხერხემლოები
0401,შეუსქელებელი უშაქრო რძე
0402,შესქელებული რძე
0403,"იოგურტი, კეფირი"
0404,რძის შრატი
0405,რძის ცხიმები
0406,ყველი და ხაჭო
0407,ფრინველის კვერცხი
0408,ფრინველის უნაჭუჭო კვერცხი
0409,თაფლი
0410,ცხოველური კვების პროდუქტები
0501,ადამიანის თმა
0502,ღორის ჯაგარი
0504,ცხოველის შიგნეულობა
0505,ფრინველის ნაწილები
0506,ძვლები და რქის ღერო
0507,"სპილოს ძვალი, კუს ჯავშანი, რქები"
0508,მარჯანი
0510,ცხოველური ჯირკვლები 
0511,ცხოველური პროდუქტები
0601,ბოლქვები და ფესვები
0602,ცოცხალი მცენარეები
0603,მოჭრილი ყვავილები
0604,მცენარის ნაწილები
0701,ახალი კარტოფილი
0702,ახალი პომიდორი
0703,"ხახვი, პრასი და ნიორი"
0704,"კომბოსტო, ბროკოლი"
0705,სალათა და ვარდკაჭაჭა
0706,"სტაფილო, ჭარხალი და სხვა"
0707,კიტრი და კორნიშონი
0708,პარკოსანი ბოსტნეული
0709,ახალი ბოსტნეული
0710,გაყინული ბოსტნეული
0711,დაკონსერვებული ბოსტნეული
0712,დაუმუშავებელი გამხმარი ბოსტნეული
0713,გამხმარი პარკოსანი ბოსტნეული
0714,ტკბილი კარტოფილი და სხვა
0801,"ქოქოსი, კეშიუ და ბრაზილიური თხილი"
0802,თხილი
0803,ახალი ან გამხამრი ბანანები
0804,ტროპიკული ხილი
0805,ციტრუსების ნაყოფი
0806,ყურძენი
0807,"ნესვი, საზამთრო და პაპაია"
0808,"ვაშლი, მსხალი და კომში"
0809,კურკოვანი ხილი
0810,კენკროვანი ხილი
0811,ხილი
0812,დაკონსერვებული ხილი
0813,გამხმარი ნაყოფები
0814,ციტრუსების ან ბახჩეულის ქერქი
0901,ყავა
0902,ჩაი
0903,მატე
0904,ხმელი წიწაკა
0905,ვანილი
0906,დარიჩინი
0907,მიხაკი
0908,"ჯავზი, მაცისი და ილი"
0909,თესლები
0910,სანელებლები
1001,ხორბალი და მესლინი
1002,ჭვავი
1003,ქერი
1004,შვრია
1005,სიმინდი
1006,ბრინჯი
1007,სორგო
1008,"წიწიბურა, ფეტვი"
1101,ხორბლის და ჭვავის ფქვილი
1102,მარცვლეულის ფქვილი
1103,უხეშად დაფქული ბურღულეული
1104,დამუშავებული მარცვლეული
1105,კარტოფილის ფქვილი
1106,გამხმარი პარკოსანების ფქვილი
1107,ალაო
1108,"სახამებელი, ინულინი"
1109,ხორბლის წებოვანა
1201,სოიოს ცერცვი
1202,არაქისი
1203,კოპრი
1204,სელის თესლი
1205,რაფსის თესლი
1206,მზესუმზირის თესლი
1207,ზეთოვანი კულტრების ნაყოფები
1208,ზეთოვანი კულტრების ფქვილი
1209,"დასათესი თესლი, ნაყოფი და სპორები"
1210,სვიის გირჩები
1211,საპარფიუმერო და ფარმაცევტული მცენარეები
1212,ვარდუხტის ხის ნაყოფი
1213,მარცვლეულის ჩალა და ბზე
1214,პირუტყვის საკვები ძირნაყოფები 
1301,"შელაქი, ბუნებრივი გუმფისები, ფისები და ძივთი"
1302,მცენარეული წვენები და ექსტრაქტები
1401,დასაწნავი მცენარეული მასალები
1404,მცენარეული წარმოშობის მასალები
1501,ღორის ან შინაური ფრინველის ცხიმი
1502,მსხვილფეხა რქოსანი პირუტყვის ცხიმი
1503,"ცხოველური ცხიმი, ლიარდ-სტეარინი"
1504,თევზის ცხიმები 
1505,ცხიმოფლი
1506,ცხოველური ცხიმები 
1507,სოიოს ზეთი
1508,არაქისის ზეთი
1509,ზეითუნის ზეთი
1510,ზეთისხილის ზეთი
1511,პალმის ზეთი
1512,მზესუმზირის ზეთი
1513,ქოქოსისა და პალმის ზეთი
1514,მდოგვის ან რაფსის ზეთი
1515,არააქროლადი მცენარეული ცხიმები
1516,დაუმუშავებელი ცხიმმები
1517,მარგარინი
1518,ცხოველური და მცენარეული ცხიმები
1520,გლიცერინი
1521,მცენარეული ცვილები
1522,დამუშავებული ცხიმოვანი ნივთიერებების ნარჩენები
1601,ხორცის პროდუქტები
1602,მზა ან დაკონსერვებული ხორცის პროდუქტები
1603,ხორცის და თევზის ექსტრაქტები
1604,მზა ან დაკონსერვებული თევზი
1605,მზა ან დაკონსერვებული კიბოსებრნი
1701,შაქარი
1702,შაქარის სხვა სახეობები
1703,რაფინირებული ბადაგი
1704,"საკონდიტრო ნაწარმი, კაკაოს გარეშე"
1801,კაკაოს მარცვალი
1802,კაკაოს ნარჩენები
1803,კაკაოს პასტა
1804,კაკაოს ცხიმი
1805,დაუმტკბარი კაკაოს ფხვნილი
1806,კაკაოს შემცველი პროდუქტები
1901,ალაოს ექსტრაქტი
1902,მაკარონის ნაწარმი
1903,ტაპიოკა
1904,მარცვლოვანების მზა პროდუქტები
1905,ფქვილოვანი საკონდიტრო ნაწარმი
2001,ბოსტნეულის და კაკლის კონსერვები
2002,უძმრო პომიდორი
2003,დამზადებული უძმრო სოკო
2004,დამზადებული უძმრო ბოსტნეული
2005,დამზადებული უძმრო ბოსტნეული
2006,"დაშაქრული ბოსტნეული, ნაყოფი და კაკალი"
2007,"ჯემი, ჟელე, მარმელადი"
2008,ხილისა და ბოსტნეულის კონსერვები
2009,ხილისა და ბოსტნეულის წვენები
2101,"ყავის, ჩაის და მატეს ექსტარქტები"
2102,მზა საცხობი ფხვნილი
2103,მზა საწებლები 
2104,მზა წვნიანები
2105,ნაყინი და ყინული
2106,კვების პროდუქტები
2201,მინერალური და მტკნარი წყლები
2202,უალკოჰოლო გაზიანი სასმელები
2203,ლუდი
2204,ღვინო
2205,ვერმუტები
2206,დადუღებული სასმელები
2207,სპირტი
2208,ალკოჰოლური სასმელები
2209,ძმარი
2301,თევზის ან კიბოსნაირების ფქვილი
2302,ქატო
2303,სახამებლისა ნარჩენები
2304,სოიოს ზეთის ნარჩენები
2305,მიწის თხილის ზეთის მყარი ნარჩენები
2306,მცენარეული ცხიმების ნარჩენები
2307,ღვინის დანალექი
2308,ცხოველების მცენარეული საკვები
2309,ცხოველების საკვები პროდუქტები
2401,თამბაქოს ნედლეული
2402,მზა თამბაქო
2403,სამრეწველო თამბაქო
2404,თამბაქოს შემცვლელების შემცველობითი პროდუქტები
2501,მარილი
2502,გამოუწვავი პირიტი
2503,გოგირდი
2504,ბუნებრივი გრაფიტი
2505,ქვიშა
2506,კვარცი
2507,კაოლინური თიხები
2508,თიხები
2509,ცარცი
2510,კალციუმის ფოსფატები
2511,ბარიუმის სულფატი და კარბონატი
2512,ინფუზორული მიწები 
2513,აბრაზიული მასალები
2514,ფიქალი
2515,მარმარილო და კირქვები
2516,ბუნებრივი ქვები
2517,დამსხვრეული ქვა
2518,დოლიმიტი
2519,ბუნებრივი მაგნიუმის კარბონატი
2520,"თაბაშირი, ანჰიდრიტი, ბათქაში"
2521,კიროვანი ქვა
2522,ჩაუმქრალი კირი
2523,ცემენტი
2524,აზბესტი
2525,ქარსი
2526, ბუნებრივი სტეატიტი; ტალკიტალკი
2528,ბუნებრივი ბორატები
2529,მინდვრის შპატი და ლეიციტი
2530,მინერალური ნითიერებები
2601,რკინის მადნები და კონცენტრატები
2602,მანგანუმის მადნები და კონცენტრატები
2603,სპილენძის მადნები და კონცენტრატები
2604,ნიკელის მადნები და კონცენტრატები
2605,კობალტის მადნები და კონცენტრატები
2606,ალუმინის მადნები და კონცენტრატები
2607,ტყვიის მადნები და კონცენტრატები
2608,თუთიის მადნები და კონცენტრატები
2609,კალის მადნები და კონცენტრატები
2610,ქრომის მადნები და კონცენტრატები
2611,ვოლფრამის მადნები და კონცენტრატები
2612,ურანის მადნები და კონცენტრატები
2613,მოლიბდენის მადნები და კონცენტრატები
2614,ტიტანის მადნები და კონცენტრატები
2615,ცირკონიუმის მადნები და კონცენტრატები
2616,ძვირფასი ლითონების მადნები და კონცენტრატები
2617,მადნები და კონცენტრატები
2618,შავი ლითონის წიდა
2619,შავი ლითონის ნარჩენები
2620,ლითონის შემცველი ნარჩენები
2621,ნაცარი
2701,ქვანახშირის საწვავი
2702,ლიგნიტი
2703,ტორფი
2704,კოქსი
2705,აირები
2706,მინერალური ფისები
2707,ქვანახშირის ფისების ზეთი
2708,სქელფისი
2709,ნედლი ნავთობი
2710,ნავთობი
2711,ნავთობის აირები
2712,"ნავთობის ვაზელინი, პარაფინი და ცვილი"
2713,ნავთობის კოქსი და ბიტუმი
2714,ბიტუმი და ასფალტი
2715,ბუნებრივი ასფალტი
2716,ელექტროენერგია
2801,"ფთორი, ქლორი, ბრომი და იოდი"
2802,სუბლიმირებული გოგირდი
2803,ნახშირბადი
2804,"წყალბადი, ინერტული აირები"
2805,ტუტემიწა ლითონები
2806,წყალბადის ქლორიდი
2807,"გოგირდმჟავა, ოლეუმი"
2808,აზოტმჟავები
2809,"ფოსფორის ოქსიდი, ფოსფორმჟავა"
2810,ბორის ოქსიდები და მჟავები
2811,არაორგანული მჟავები
2812,არალითონების ჰალოგენიდები და ჰალოგენიდოქსიდები 
2813,არალითონების სულფიდები
2814,ამიაკი
2815,ნატრიუმის ან კალიუმის ოქსიდები
2816,"მაგნიუმის, სტრონციუმის და ბარიუმის ოქსიდები"
2817,თუთიის ოქსიდი
2818,ალუმინის ოქსიდები
2819,ქრომის ოქსიდები
2820,მანგანუმის ოქსიდები
2821,რკინის ოქსიდები
2822,კობალტის ოქსიდები
2823,ტიტანის ოქსიდები
2824,ტყვიის ოქსიდები
2825,ჰიდრაზინი და ჰიდროქსილამინი
2826,ფთორიდების და ფთორის მარილები
2827,"ქლორიდები, ოქსიქლორიდები და ჰიდროქსიდქლორიდები"
2828,"ჰიპოქლორიტები, ტექნიკური, ქლორიტები, ჰიპობრომიტები"
2829,"ქლორატები და პერქლორატები, ბრომატები და პერბრომატები"
2830,სულფიდები
2831,დიტიონიტები და სულფოქსილატები
2832,სულფიტები; თიოსულფატები
2833,"სულფატები, შაბები"
2834,ნიტრიტები და ნიტრატები
2835,ფოსფატები
2836,"კარბონატები, პეროქსოკარბონატები "
2837,ციანიდები
2839,სილიკატები
2840,ბორატები
2841,ოქსოლითონური და პეროქსოლითონური მჟავების მარილები
2842,არაორგანული მჟავების მარილები
2843,ძვირფასი ლითონები კოლოიდურ მდგომარეობაში
2844,ქიმიური რადიოაქტიური ელემენტები
2845,იზოტოპები
2846,იშვიათმიწიანი ლითონების ნაერთები
2847,წყალბადის პეროქსიდი
2848,ფოსფიდები
2849,კარბიდები
2850,"ჰიდრიდები, ნიტრიდები,სილიციდები და ბორიდები"
2852,ვერცხლისწყლის ნაერთები
2853,არაორგანული ნაერთები
2901,აციკლური ნახშირწყალბადები
2902,ციკლური ნახშირწყალბადები
2903,ჰალოგენირებული ნახშირწყალბადები
2904,სულფირებული ნახშირწყალბადები
2905,აციკლური სპირტები
2906,ციკლური სპირტები
2907,ფენოლები და ფენოლსპირტები
2908,ჰალოგენირებული და სულფინებული ფენოლები
2909,ეთერები
2910,ეპოქსიდები
2911,აცეტალები და ნახევრადაცეტალები
2912,ჟანგბადშემცველები
2913,ალდეჰიდების ნაერთები
2914,კეტონები და ქინონები
2915,აციკლური მონოკარბონული ნაჯერი მჟავები
2916,აციკლური მჟავები
2917,პოლიკარბონმჟავები
2918,კარბონმჟავები
2919,ფოსფორმჟავას რთული ეთერები
2920,არაორგანული მჟავების რთული ეთერები
2921,ამინის ნაერთერთები ფუნქციონალურ ჯგუფებთან
2922,ამინონაერთები
2923,ამონიუმის მარილები და ჰიდროქსიდები
2924,ფუნქციონალური ნაერთები
2925,კარბოქსიმიდული ნაერთები
2926,ნიტრილური ნაერთები
2927,"დიაზო-, აზო- ან აზოქსის ნაერთები"
2928,ჰიდრაზინის ან ჰიდროქსილამინის წარმოებულები
2929,აზოტშემცველი ნაერთები
2930,გოგირდორგანული ნაერთები
2931,ორგანულ-არაორგანული ნაერთები
2932,"ჰეტეროციკლური, ჟანგბადის ჰეტეროატომისების ნაერთები"
2933,"ჰეტეროციკლური, აზოტის ჰეტეროატომისების ნაერთები"
2934,ნუკლეინის მჟავები და მათი მარილები
2935,სულფონამიდები
2936,ვიტამინები
2937,ჰორმონები
2938,"გლიკოზიდები, ეთერები და მარილები"
2939,მცენარეული წარმოშობის ალკალოიდები
2940,ქიმიურად სუფთა შაქრები
2941,ანტიბიოტიკები
2942,ორგანული ნაერთები
3001,ორგანოთერაპიისათვის განკუთვნილი ორგანოები
3002,სამედიცინო მიზნებისთვის განკუთვნილი სისხლი
3003,დაუფასოებელი სამკურნალო საშუალებები
3004,დაფასოებული სამკურნალო საშუალებები
3005,"ბინტები, ბამბა, მარლა"
3006,ფარმაცევტული პროდუქცია
3101,ცხოველური ან მცენარეული სასუქები
3102,აზოტოვანი სასუქები
3103,ფოსფორიოვნი სასუქები
3104,კალიუმიანი სასუქები 
3105,"აზოტის, ფოსფორის და კალიუმის სასუქები"
3201,სათრიმლავი მცენარეული ექსტრაქტები
3202,სათრიმლავი ნივთიერებები
3203,მცენარეული ან ცხოველური საღებარი ნივთიერებები
3204,სინთეზური საღებარი ნივთიერებები
3205,ფერადი ლაქები
3206,საღებარი ნივთიერებები
3207,"მზა პიგმენტები, მინისებრი მინანქრები და ჭიქურები"
3208,სინთეზური პოლიმერების საღებავები და ლაქები
3209,ბუნებრივი პოლიმერების საღებავები და ლაქები
3210,საღებავები და ლაქები
3211,მზა სიკატივები
3212,პიგმენტები
3213,სამხატვრო საღებავები
3214,"მინის, საბაღე საგოზავები"
3215,მენლები და სასტამბო საღებავები
3301,ეთერზეთები
3302,ნარევები სასმელების წარმოებისთვის
3303,სუნამოები
3304,კანის მოვლის საშუალებები
3305,თმის მოვლის საშუალებები
3306,პირის ღრუს ჰიგიენური საშუალებები
3307,დეზოდორანტები და საპარსი
3401,საპონი
3402,ზედაპირულად აქტიური ორგანული ნივთიერებები
3403,საპოხი მასალა
3404,ხელოვნური და მზა ცვილები
3405,ფეხსაცმელის საცხები
3406,სანთლები
3407,ძერწვის პასტები
3501,კაზეინი 
3502,ალბუმინები
3503,ჟელატინი
3504,პეპტონები
3505,მოდიფიცირებული სახამებლები
3506,მზა წებოები
3507,ფერმენტები და ფერმენტული პრეპარატები
3601,დენთი
3602,"მზა ასაფეთქებელი ნივთიერებები, გარდა დენთისა"
3603,ბიკფორდის და სადეტონაციო ზონრები
3604,ფოიერვერკები
3605,ასანთი
3606,პიროფორული შენადნობები
3701,ფოტოფირფიტები და ბრტყელი ფოტოფირები
3702,ფოტოფირები რულონებად
3703,ფოტოგრაფიული ქაღალდი და საფეიქრო მასალა
3704,ექსპონირებული ფოტოგრაფიული ფირები
3705,ფოტოფირფიტები და ფოტოფირები
3706,ექსპონირებული და გამჟღავნებული კინოფირი
3707,ფოტოქიმიკატები
3801,გრაფიტი
3802,გააქტიურებული ნახშირი
3803,ტალიუმის ზეთი
3804,მერქნის ცელულოზის თუთქი
3805,სკიპიდარი
3806,კანიფოლი და ფისოვანი მჟავები
3807,მერქნის კუპრის ზეთები
3808,მცენარეთა საწინააღმდეგო საშუალებები
3809,ღებვის დამაჩქარებელი საშუალებები
3810,ლითონის ზედაპირის ამოსაჭმელი პრეპარატები
3811,ანტიდეტონატორები და ანტიოქსიდანტები
3812,კაუჩუკის ვულკანიზაციის დამაჩქარებლები
3813,ცეცხლსაქრობების მუხტი
3814,რთული ორგანული გამხსნელები
3815,რეაქციების კატალიზატორები
3816,"ცეცხლგამძლე ცემენტები, ბეტონი"
3817,ალკილბენზოლები და ალკილნაფტალინები
3818,ლეგირებული ქიმიური ელემენტები
3819,სამუხრუჭე სითხეები
3820,ანტიფრიზები
3821,კულტურალური გარემოები მიკროორგანიზმების გამოსაყვანად
3822,დიაგნოსტიკური ან ლაბორატორიული რეაგენტები
3823,სამრეწველო მონოკარბონული ცხიმმჟავები
3824,ნივთიერებები სამსხმელო ფორმებისთვის
3825,ქიმიური მრეწველობის ნარჩენი პროდუქტები
3826,ბიოდიზელი 
3901,პირველადი ეთილენის პოლიმერები
3902,ოლეფინების პოლიმერები
3903,პირველადი სტიროლის პოლიმერები
3904,ჰალოგინირებული ოლეფინების პოლიმერები
3905,რთული ვანილის ეთერების პოლიმერები
3906,პირველადი ფორმის აკრილის პოლიმერები
3907,"პოლიაცეტალები, მარტივი პოლიეთერები"
3908,პირველადი ფორმის პოლიამიდები
3909,პირველადი ფორმის ამინოფისები და ფენოლის ფისები 
3910,პირველადი სილიკონები
3911,"ნავთობის, კუმარონ-ინდენის ფისები და პოლიტერპენები"
3912,პირველადი ცელულოზა 
3913,პოლიმერები
3914,პოლიმერების იონმიმოცვლითი ფისები
3915,პლასტმასის ნარჩენები
3916,"მონოძაფი, წნელები, ღერძები და ფასონური პროფილები"
3917,პლასტმასის მილები და შლანგები
3918,პოლიმერული მასალების იატაკის საფარები
3919,პოლიმერული მასალის ბრტყელი ფორმები
3920,პოლიმერული მასალის ფილები
3921,პოლიმერული მასალის ფირები
3922,პლასტმასის აბაზანები
3923,პლასტმასის შესაფუთი მასალა
3924,პლასტმასის საოჯახო ნივთები
3925,პლასტმასის სამშენებლო დეტალები
3926,პლასტმასის ნაწარმი
4001,ნატურალური კაუჩუკი და ბუნებრივი ფისები
4002,სინთეზური კაუჩუკი
4003,რეგენერირებული კაუჩუკი
4004,რეზინის ნარჩენები
4005,რეზინის ნარევი
4006,რეზინის ფორმები
4007,რეზინის ძაფი და კორდი
4008,რეზინის ფირფიტები
4009,რეზინის მილები და შლანგები
4010,რეზინის კონვეიერული ლენტები
4011,ახალი საბურავები
4012,მეორადი საბურავები
4013,რეზინის კამერები
4014,რეზინის ჰიგიენური და ფარმაცევტული ნაწარმი
4015,რეზინის ტანსაცმელი
4016,რეზინის ნაწარმი
4017,მყარი რეზინი
4101,სხვილფეხა რქოსანი პირუტყვის დაუმუშავებელი ტყავები 
4102,ცხვრის დაუმუშავებელი ტყავები
4103,დაუმუშავებელი ტყავები
4104,მსხვილფეხა რქოსანი პირუტყვის გათრიმლული ტყავი
4105,ცხვრის გათრიმლული ტყავი
4106,ცხოველების გათრიმლული ტყავი
4107,გათრიმლული და დამუშავებული მსხვილფეხა რქოსანი პირუტყვის ტყავი
4112,გათრიმლული და დამუშავებული ცხვრის ტყავი
4113,გათრიმლული და დამუშავებული ცხოველების ტყავი
4114,"ზამში, ლაქის ტყავი და ლამინირებული ლაქის ტყავი"
4115,ნატურალური ტყავის კომპოზიციური ტყავი
4201,საუნაგირე ნაწარმი
4202,სამგზავრო ხელჩანთა და ჩემოდნები
4203,ნატურალური ან კომპოზიციური ტყავის ტანსაცმელი
4205,ნატურალური ან კომპოზიციური ტყავის ნაწარმი
4206,"ნაწლავების, ბუშტებისა და მყესების ნაწარმი"
4301,ბეწვეულის ნედლეული
4302,გათრიმლული ან გამოქნილი ბეწვის ტყავები 
4303,ტანსაცმლის საკუთნოები
4304,ხელოვნური ბეწვი
4401,სათბობი ხე-ტყე
4402,ხის ნახშირი
4403,დაუმუშავებელი ხე-ტყის მასალა
4404,ხის ხიმინჯები და სარები
4405,მერქნის მატყლი და ფქვილი
4406,ხის შპალები ლიანდაგებისათვის
4407,დაპობილი ხე-ტყის მასალა
4408,მოსაპირკეთებელი ხის ფურცლები
4409,დაპროფილებული დახერხილი ხე-ტყე
4410,მერქან-ბურბუშელის ფილები
4411,გამერქნებული მასალის ფილები
4412,დაწებებული ფანერა
4413,დაწნეხილი მერქანი
4414,ხის ჩარჩოები
4415,მერქნის ტარა
4416,მერქნის საკასრე ნაწარმი
4417,მერქნის კორპუსები და სახელურები ინსტრუმენტებისათვის
4418,ხის სამშენებლო ნაწარმი
4419,ხის სამზარეულო საკუთნოები
4420,მოზაიკური და ინკუსტირებული ხის ნაწარმი
4421,ხის ნაწარმი
4501,პირველადი დამუშავების ნატურალური კორპი
4502,ნატურალური კორპი
4503,ნატურალური კორპის ნაწარმი
4504,აგლომერირებული კორპი 
4601,დასაწნავი მასალების წნულები
4602,წნულები
4701,მექანიკური მერქნის მასა
4702,"მერქნის ცელულოზა, ხსნადი სორტები"
4703,ნატრონული მერქნის ცელულოზა
4704,სულფიტური მერქნის ცელულოზა
4705,მერქნის მასა
4706,ბოჭკოვანი მასა
4707,რეგენერირებადი ქაღალდი და მუყაო
4801,გაზეთის ქაღალდის რულონები ან ფურცლები
4802,საწერი არაცარცირებული ქაღალდი და მუყაო
4803,სამეურნეო-საყოფაცხოვრებო ქაღალდი
4804,არაცარცირებული კრაფტ-ქაღალდი და მუყაო
4805,არაცარცირებული ქაღალდი და მუყაო
4806,"მცენარეული პერგამენტი, ცხიმგაუმტარი ქაღალდი"
4807,მრავალშრიანი ქაღალდი და მუყაო
4808,გოფრირებული ქაღალდი და მუყაო
4809,პირგადასაღები ქაღალდი 
4810,ორივე მხრიდან ცარცირებული ქაღალდი და მუყაო
4811,ქაღალდი და მუყაო
4812,"ქაღალდის მასისაგან გასაფილტრი ფირები, ფილები და ბლოკები"
4813,პაპიროსის ქაღალდი
4814,კედლის საფარი ქაღალდები
4816,ნახშირბადიანი პირგადასაღები ქაღალდი და ოფსეტური ფირები
4817,კონვერთები და ბარათები
4818,სამეურნეო-საყოფაცხოვრებო ქაღალდი
4819,"ქაღალდის, მუყაოს, ცელულოზის ბოჭკოსგან დამზადებული ტარა"
4820,ჟურნალები და წიგნაკები
4821,ქაღალდის ან მუყაოს ეტიკეტები
4822,ქაღალდის საჭერები
4823,"ქაღალდი, მუყაო, ცელულოზის ბამბა და ტილო"
4901,ნაბეჭდი მასალები
4902,პერიოდული გამოცემები
4903,საბავშო წიგნები
4904,დაბეჭდილი ან ხელნაწერი ნოტები
4905,რუკები
4906,არქიტექტურული და ტოპოგრაფიული ნახაზები
4907,"საფოსტო მარკები, ბანკნოტები, აქციები, ობლიგაციები ან ბონები"
4908,გადასაყვანი სურათები
4909,საფოსტო ღია ბარათები
4910,ნაბეჭდი კალენდრები
4911,ნაბეჭდი პროდუქცია
5001,აბრეშუმის ამოსახვევი პარკი
5002,ხამი აბრეშუმი
5003,აბრეშუმის ნარჩენები
5004,დაუფასოებელი აბრეშუმის ძაფი
5005,ერთწვერა ნართი აბრეშუმის ნარჩენებისაგან
5006,კეტგუტი
5007,ნატურალური აბრეშუმის ქსოვილები
5101,დაუმუშავებელი მატყლი 
5102,დაუმუშავებელი ბეწვი 
5103,ბეწვის ან მატყლის ნარჩენები
5104,ბეწვის და მატყლის ნედლეული
5105,მატყლი და ბეწვი
5106,დაუფასოებელი შალის ნართი
5107,დაუფასოებელი სავარცხლური შალის ნართი
5108,დაუფასოებელი ბეწვის ნართი
5109,მატყლის ან ბეწვის ნართი
5110,ბეწვის ან ძუის ნართი
5111,შალის ქსოვილები
5112,შალის ქსოვილები
5113,ბეწვის ან ძუის ქსოვილები
5201,დაუჩეჩავი ბამბის ბოჭკო
5202,ბამბის ნარჩენები
5203,აჩეჩილი ბამბის ბოჭკო
5204,ბამბის ძაფები
5205,85% ≥ ბამბის ნართი
5206,ბამბის ნართი 85%<შემცველობით 
5207,დაფასოებული ბამბის ნართი
5208,"85%-≥, 200 გ/მ2-მდე სიმჭიდროვით"
5209,"85%≥ ბამბა, 200 გ/მ2 > სიმჭიდროვით "
5210,"85%< ბამბა, 200გ/მ2-მდე სიმჭიდროვით"
5211,85%იანი ბამბის ქსოვილები
5212,ბამბის ქსოვილები
5301,სელის ბოჭკო
5302,ქერელის ბოჭკო
5303,ჯუთის და ლაფნის ბოჭკო
5305,ქოქოსის ბოჭკო
5306,სელის ნართი
5307,ჟუთის ან ლაფნის ნართი
5308,მცენარეული ნართი
5309,სელის ქსოვილები
5310,ჯუთის ან ლაფნის ქსოვილები
5311,ქაღალდის და მცენარეული ნართის ქსოვილები
5401,ქიმიური ძაფები
5402,სინთეზური ძაფები
5403,ხელოვნური ძაფები
5404, სინთეზური მონოძაფები
5405,ხელოვნური მონოძაფები
5406,ქიმიური ძაფები
5407,სინთეზური ქსოვილები
5408,ხელოვნური ქსოვილები
5501,სინთეზური ჩალიჩი
5502,ხელოვნური ჩალიჩი
5503,მოუმზადებელი სინთეზური ბოჭკო 
5504,მოუმზადებელი ხელოვნური ბოჭკო 
5505,ბოჭკოს ნარჩენები
5506, მომზადებული სინთეზური ბოჭკო 
5507,მომზადებული ხელოვნური ბოჭკო 
5508,ქიმიური საკერავი ძაფი
5509,დაუფასოებელი სინთეზური ნართი
5510,დაუფასოებელი ხელოვნური ნართი
5511,დაფასოებული ქიმიური ნართი
5512,85%≥ სინთეზური ქსოვილები
5513,სინთეზური ქსოვილები
5514,ბამბიანი სინთეზური ქსოვილები
5515,სინთეტიკები
5516,ხელოვნური ქსოვილები
5601,ბოჭკოები სიგრძით 5მმ-მდე
5602,ფეტრი და ქეჩა
5603,უქსოვადები
5604,რეზინის ძაფი და ზონარი
5605,ძაფი ლითონიზებული
5606,ძაფი სასირმე და სალენტე
5607,თოკეული და ზონრები
5608,ბადეები
5609,ძაფის ნაწარმი
5701,კვანძოვანი ხალიჩები 
5702,ნაქსოვი ხალიჩები
5703,ტაფტინგური ხალიჩები
5704,ქეჩის ხალიჩები
5705,გაწყობილი ან გაუწყობელი ხალიჩები
5801, ხავერდის ქსოვილები
5802,საპირსახოცე ქსოვილები
5803,გადაწნული ქსოვილები
5804,ტიული და ბადისებრი ქსოვილები
5805,ნახატებიანი ავეჯის ქსოვილები
5806,ვიწრო ქსოვილები
5807,"ეტიკეტები, ემბლემები და მსგავსი ნაწარმი"
5808,თასმა ნაჭრად
5809,ლითონური და მოლითონებული ქსოვილები
5810,ნაქარგები ნაჭრად ლენტებად ან ცალკე
5811,დალიანდაგებული ნაჭრები
5901,გაფისული ან გახამებული ქსოვილები
5902,პოლიმიადის ქსოვილები
5903,პოლიმერული ქსოვილები
5904,ლინიოლეუმი
5905,ტექსტილის კედლის საფარი
5906,დარეზინებული ტესქტილი
5907,მოხატული ტექსტილი
5908,ტექსტილის პატრუქები
5909,ტექსტილის მილაკები და შლანგები
5910,"ლენტები, ღვედები ან ბელტინგი"
5911,ტექსტილის მასალები
6001,ნაქსოვი ხაოიანი ტრიკოტაჟის ტილო
6002,სხვა ტრიკოტაჟის ტილო
6003,ტრიკოტაჟის ტილო სიგანით 30სმ-მდე
6004,ტრიკოტაჟის ტილო სიგანით 30სმ >
6005,ქსელნაქსოვი ტილოები
6006,ნაქსოვი ტრიკოტაჟის ტილოები
6101,კაცის ტრიკოტაჟის პალტოები 
6102,ქალის ტრიკოტაჟის პალტოები
6103,კაცის ნაქსოვი ტრიკოტაჟის კოსტუმები 
6104,ქალის ტრიკოტაჟის კოსტუმები 
6105,კაცის ტრიკოტაჟის პერანგები 
6106,ქალის ტრიკოტაჟის ბლუზები 
6107,კაცის ტრიკოტაჟის საცვლები 
6108,ქალი ტრიკოტაჟის საცხვლები
6109,ტრიკოტაჟის მაისურები
6110,ტრიკოტაჟის სვიტრები
6111,საბავშვო ტრიკოტაჟის ტანსაცმელი 
6112,ნაქსოვი ტრიკოტაჟის სპორტული კოსტუმები
6113,ტრიკოტაჟის ტანსაცმელი
6114,ნაქსოვი ტრიკოტაჟის ტანსაცმელი 
6115,წინდის ნაწარმი
6116,ხელთათმანები
6117,ტანსაცმლის საკუთნოები
6201,კაცის პალტოები 
6202,ქალის პალტოები 
6203,კაცის კოსტუმები
6204,"ქალის კოსტუმები, კომპლექტები,  შორტები "
6205,კაცის პერანგები 
6206,ქალის ბლუზები 
6207,კაცის მაისურები და თბილი ზედები 
6208,ქალის მაისურები და თბილი ზედები 
6209,საბავშვო ტანსაცმელი
6210,სხვა ტანსაცმელი
6211,სპორტული კოსტუმები
6212,"ტრიკოტაჟის ბიუსტჰალტერები, ქამრები"
6213,ცხვირსახოცები
6214,შარფები და მსგავსი
6215,ჰალსტუხები და მსგავსი
6216,ხელთათმანები და მსგავსი
6217,ტანსაცმლის საკუთნოები
6301,საბნები
6302,თეთრეული
6303,ფარდები
6304,დეკორატიული ნაწარმი
6305,შესაფუთი პაკეტები
6306,მზისაგან დასაცავი შტორები და სხვა
6307,მზა ნაწარმი
6308,ხელსაქმის ნაკრებები
6309,ნახმარი ტექსტილის ნაწარმი
6310,ძონძები ნახმარი და ახალი
6401,წყალგაუმტარი ფეხსაცმელი
6402,ფეხსაცმელი რეზინის ან პოლიმერული 
6403,"ფეხსაცმელი რეზინის ან პოლიმერული, ტყავის ძირითა და ზედაპირით"
6404,ფეხსაცმელი ტყავის ძირითა და საფეიქრო მასალის ზედაპირით
6405,სხვა ფეხსაცმელი
6406,ფეხსაცმლის ნაწილები
6501,ქუდების ფორმები
6502,ქუდების ნახევარფაბრიკატები
6504,თავსაბურავები
6505,ტრიკოტაჟის თავსაბურავები
6506,სხვა თავსაბურავები
6507,შუასადებები
6601,ქოლგები
6602,"ხელჯოხები, შოლტები, მათრახები ცხენოსნობისათვის, მსგავსები"
6603,ქოლგების და ხელჯოხების მოსართავები
6701,ფრინველის ნაწილები
6702,ხელოვნური ყვავილები
6703,ადამიანის თმები
6704,პარიკები
6801,ბორდიურის ქვები და ფილები
6802,დამუშავებული ქვა 
6803,დამუშავებული ფიქალი 
6804,დოლაბები
6805,აბრაზიული ფქვილი
6806,სილიკატური ბამბა
6807,ასფალტის ნაწარმი
6808,მცენარეული ბოჭკოების ნაწარმი
6809,თაბაშირის ნაწარმი
6810,ცემენტის ნაწარმი
6811,აზბესტცემენტის ნაწარმი
6812,აზბესტის ნაწარმი
6813,ფრიქციული მასალები 
6814,დამუშავებული ქარსი 
6815,ქვის ნაწარმი
6901,"აგური, ბლოკები"
6902,ცეცცლგამძლე სამშენებლო მასალა
6903,ცეცხლგამძლე კერამიკა
6904,სამშენებლო ნაწარმი
6905,კერამიკის სამშენებლო დეტალები 
6906,მილები
6907,მოუჭიქურებელი კერამიკული ფილები
6908,მოჭიქურებული კერამიკული ფილები
6909,ლაბორატორიული კერამიკა 
6910,სანიტრულ-ტექნიკური ნაწარმი
6911,ფაიფურის ჭურჭელი
6912,კერამიკის ჭურჭელი
6913,კერამიკის დეკორაცია
6914,სხვა კერამიკა
7001,მინის ნარჩენები
7002,სფეროების ფორმის მინა 
7003,სხმული და ნაგლინი მინა 
7004,ნაჭიმი ან გამონაბერი მინა 
7005,გაპრიალებული მინა
7006,გრავირებული მინა
7007,უსაფრთხო მინა
7008,საიზოლაციო მინის ნაწარმი
7009,მინის სარკეები
7010,მინის ტევადობები
7011,მინის კოლბები
7013,მინის ჭურჭელი
7014,მინის ნაწარმი სიგნალიზაციისათვის 
7015,მინები საათებისთვის
7016,სხმული მინის ნაწარმი
7017,ლაბორატორიული ჭურჭელი მინის 
7018,მინის მძივი
7019,ბოჭკოვანი მინა
7020,სხვა მინის ნაწარმი
7101,მარგალიტი
7102,ალმასები
7103,ძვირფასი ქვები 
7104,"ძვირფასი, ხელოვნური ან სხვა ქვები "
7105,ძვირფასი ქვების ნაფხვენი
7106,ვერცხლი
7107,ვერცხლით მიტკეცილი ლითონები
7108,ოქრო
7109,ოქროთ მიტკეცილი ლითონები
7110,პლატინა
7111,ძვირფასი ლითონები
7112,ძვირფასი ლითონების ნარჩენები
7113,საიუვილერო ძვირფასი ლითონის ნაკეთობა
7114,ოქროს და ვერცხლის ოსტატების ნაკეთობები
7115,სხვა ნაკეთობები 
7116,ქვების ნაკეთობები
7117,ბიჟუტერია
7118,მონეტები
7201,გადასამუშავებელი თუჯი პირველად ფორმებში
7202,ფეროშენადნობები
7203,რკინის მადნის აღმდგენადები
7204,შავი ლითონის ჯართი
7205,გრანულები და ფხვნილები თუჯის
7206,ნახშირბადიანი ფოლადი
7207,ნახშირბადიანი ფოლადის ნახევარფაბრიკატები
7208,ბრტყელი ნახშირბადიანი ფოლადის ნაგლინი
7209, ნახშირბადიანი ფოლადის ნაგლინი ცივად
7210,ნაგლინი ნახშირბადიანი ფოლადისაგან 600მმ ≥
7211,მიუტკეცელი ნაგლინი ნახშირბადიანი ფოლადისგან
7212,ნაგლინი ნახშირბადიანი ფოლადისაგან მიტკეცილი
7213,დახვეული ნაგლინი ნახშირბადიანი ფოლადისაგან
7214,წნელები ნახშირბადიანი ფოლადისაგან
7215,წნელები სხვა ნახშირბადიანი ფოლადისაგან
7216,კუთხოვანები ნახშირბადიანი ფოლადისაგან
7217,მავთული ნახშირბადიანი ფოლადისაგან
7218,ფოლადი კოროზიამედეგი
7219,ბრტყელი კოროზიამედეგი 600მმ ≥
7220,ბრტყელი კოროზიამედეგი 600მმ <
7221,ბუხტებად დახვეული უჟანგავი წნელები
7222,სხვა წნელები
7223,მავთული კოროზიამედეგი
7224,ლეგირებული ფოლადი 
7225,ბრტყელი ნაგლინი  600მმ ≥
7226,ბრტყელი ნაგლინი  600მმ<
7227,ფოლადის ნაგლინის წნელები 
7228,ფოლადის ლეგირებული წნელი 
7229,ფოლადის ლეგირებული მავთული 
7301,შავი ლითონის ნარანდიანი კონსტრუქციები 
7302,შავი ლითონების სარკინიგზო ნაწარმი 
7303,თუჯის მილები
7304,შავი ლითონის მილები და პროფილები
7305,შავი ლითონების მილები
7306,შავი ლითონების მილები და პროფილები
7307,შავი ლითონების ფიტინგები
7308,შავი ლითონების მეტალოკონსტრუქციები
7309,შავი ლითონიების რეზერვუარები 
7310,შავი ლითონების ცისტერნები  
7311,შავი ლითონების ტევადობები 
7312,შავი ლითონების დაგრეხილი მავთული 
7313,შავი ლითონების ეკლიანი მავთული  
7314,შავი ლითონის ქსოვილი გისოსები 
7315,შავი ლითონების ჯაჭვები 
7316,შავი ლითონის ღუზები 
7317,შავი ლითონების ლურსმნები 
7318,შავი ლითონების ხრახნები 
7319,შავი ლითონის საკერავ-საქსოვი ნივთები 
7320,შავი ლითონების ზამბარები 
7321,ღუმელები
7322,რადიატორები
7323,შავი ლითონის სამზარეულოს ნაწარმი
7324,სანიტარულ-ტექნიკური მოწყობილობები 
7325,შავი ლითონის სხმულები 
7326,სხვა შავი ლითონების ნაწარმი
7401,სპილენძის შტეინი 
7402,არარაფინირებული სპილენძი 
7403,სპილენძი და შენადნობები
7404,სპილენძის ჯართი 
7405,სპილენძის ლიგატურა
7406,სპილენძის ფხვნილები 
7407,სპილენძის წნელები 
7408,სპილენძის მავთული 
7409,სპილენძის ფილები 
7410,სპილენძის კილიტა 
7411,სპილენძის მილები
7412,სპილენძის მილების ფიტინგები 
7413,სპილენძის დაგრეხილი მავთული 
7415,სპილენძის ან შავი ლითონის ლურსმნები 
7418,სპილენძის სამზარეულო ნაწილები 
7419,სხვა სპილენძის ნაწარმი
7501,ნიკელის შტეინი  
7502,დაუმუშავებელი ნიკელი
7503,ნიკელის ჯართი 
7504,ნიკელის ფხვნილები 
7505,ნიკელის წნელები
7506,ნიკელის ფილები 
7507,ნიკელის მილები 
7508,სხვა ნიკელის
7601,ალუმინი 
7602,ალუმინის ჯართი 
7603,ალუმინის ფხვნილი 
7604,ალუმინის წნელები 
7605,ალუმინის მავთული
7606,ალუმინის ფილები 
7607,ალუმინის კილიტა 
7608,ალუმინის მელები 
7609,ალუმინის ფიტინგები 
7610,ალუმინის ლითონკონსტრუქციები 
7611,ალუმინის რეზერვუარები 
7612,ალუმინის ცისტერნები 
7613,ალუმინის ტევადობები აირებისთვის
7614,ალუმინის დაგრეხილი მავთული 
7615,ალუმინის საყოფაცხოვრებო  ნივთები
7616,ალუმინის ნაწარმი
7801,დაუმუშავებელი ტყვია
7802,ტყვიის ჯართი 
7804,ტყვიის ფილები 
7806,ტყვიის ნაწარმი
7901,დაუმუშავებელი თუთია
7902,თუთიის ჯართი
7903,თუთიის ფხვნილი 
7904,თუთიის წნელები 
7905,თუთიის ფილები 
7907,თუთიის ნაწარმი
8001,დაუმუშავებელი კალა
8002,კალის ჯართი 
8003,კალის წნელები 
8007,კალის ნაკეთები
8101,ვოლფრამი
8102,მოლიბდენი
8103,ტანტალი
8104,მაგნიუმი
8105,კობალტის ნაწარმი
8106,ბისმუთი
8107,კადმიუმი
8108,ტიტანი
8109,ცირკონიუმი
8110,სტიბიუმი
8111,მანგანუმი
8112,"ბერილიუმი, ქრომი და სხვა"
8113,ლითონკერამიკა
8201,ხელის ინსტრუმენტები მეურნეობაში
8202,ხერხები
8203,ქლიბები და მსგავსი
8204,ქანჩის გასაღებები
8205,ხელის ინსტრუმენტები
8206,ინსტრუმენტები ნაკრებში საცალო
8207,ხელის ინსტრუმენტების საცვლელი ინსტრუმენტები
8208,დანები მექანიკური სამარჯვებისთვის
8209,ფირფიტები ლითონკერამიკისგან
8210,მექანიკური ხელსაწყოები 10კგ-მდე
8211,მჭრელი დანები
8212,სამართებლები
8213,თერძის მაკრატლები და მსგავსი
8214,მჭრელი ნაწარმი 
8215,სამზარეულო და სასადილო ნაკეთობები
8301,არაძვირფასი ლითონის საკეტები 
8302,არაძვირფასი ლითონის არმატურა 
8303,სეიფები
8304,არაძვირფასი ლითონის დოსიეს კარადები 
8305,ფურნიტურა
8306,არაძვირფასი ლითონების არაელექტრული ნაწარმი 
8307,არაძვირფასი ლითონების მილები 
8308,არაძვირფასი ლითონების შესაკრავები 
8309,საცობები და სახურავები
8310,მაჩვენებლიანი ფირნიშები
8311,არაძვირფასი ლითონების მავთული
8401,ბირთვული რეაქტორი
8402,ორთქლის ქვაბები
8403,გათბობის ქვაბები
8404,გათბობის ქვაბის დამხმარე მოწყობილობები
8405,აირგენატორები
8406,ორთქლზე ტურბინები 
8407,ნაპერწკლოვანი შიგაწვის ძრავები 
8408,აალებადი შიგაწვის ძრავები
8409,შიგაწვის ძრავების ნაწილები
8410,ჰიდროტურბინები
8411,აირის ტურბინები 
8412,ძრავები
8413,სითხის საწეველები 
8414,საჰაერო ან ვაკუუმიანი ტუმბოები
8415,მოწყობილობები ჰაერის კონდენცირებისათვის
8416,სანთურები
8417,ღუმელები და კამერები 
8418,"მაცივრები, საყინულეები"
8419,მანქანები ტემპერატურით მასალების დასამუშავებლად
8420,კალანდრები
8421,ცენტრიფუგენი
8422,ჭურჭლის სარეცხი მანქანები
8423,საქონლის ასაწონი
8424,გასაფრქვევი მოწყობილობები
8425,ამწეები
8426,გემის ამწეები
8427,ავტოსატვირთელები
8428, მოწყობილობები აწევის
8429,"ბულდოზერები, ავტოგრეიდერები"
8430,მანქანები ამოთხრისთვის ან გაბურღვისთვის
8431,მანქანების და მოწყობილობების ნაწილები
8432,სასოფლო-სამეურნეო მანქანები 
8433,კულტურების ასაღები ან სალეწი მანქანები 
8434,საწველი მოწყობილობები
8435,სასმელის საწარმო მანქანები
8436,მებაღეობის მოწყობილობები
8437,თესლის მანქანები 
8438,საკვებ-სასმელის საწარმოო დანადგარები
8439,მასის წარმოების დანადგარები
8440,საამკინძაო მოწყობილობები
8441,ქაღალდის ნაწარმის დანადგარები
8442,შრიფტის აპარატურა
8443,მოწყობილობა საბეჭდი
8444,ხელოვნური საფეიქრო მასალების ექსტრუდირების მანქანები 
8445,მანქანები საფეიქრო ბოჭკოებისთვის
8446,საქსოვი დაზგები
8447,ტრიკოტაჟული მანქანები
8448,საბეჭდი მრეწველობის დამხამრეები
8449,ქეჩის და ფეტრის მოწყობილობები
8450,სარეცხი მანქანები
8451,საფეიქრო ნართის გასარეცხი და საშრობი მოწყობილობები
8452,საკერავი მანქანები 
8453,ტყავის მომზადების მოწყობილობები 
8454,სამსხმელო მანქანები
8455,დგანები საგლინი და გლინები მათთვის
8456,მასალების დასამუშავებელი ჩარხები
8457,ლითონის დასამუშავებელი ჩარხები
8458,ლითონმჭრელი
8459,ლითონმჭრელი ჩარხები 
8460,"სალესი, სახეხი ჩარხები"
8461,ლითონების საჭრელი ჩარხები 
8462,ლითონების დასამუშავებელი მანქანები 
8463,ლითონების ჩარხები
8464,ცივი დამუშავების ჩარხები
8465,მყარი მასალის დასამუშავებებელი ჩარხები
8466,ჩარხების ნაწილები და სამარჯვები
8467,ხელის პნევმატური ინსტრუმენტი
8468,მისარჩილი აპარატურა
8469,საბეჭდი მანქანები
8470,"კალკულატორები, საკასო აპარატები"
8471,გამომთვლელი მანქანები
8472,საოფისე მოწყობილობები
8473,გამომთვლელი მანქანების ნაწილები
8474,მინერალური წიაღისეულის მოწყობილობები
8475,ნათურების ასაწყობი მანქანები
8476,ავტომატები
8477,რეზინის ან პლასტმასის დასამუშავებელი მოწყობილობები
8478,თამბაქოს დასამზადებელი მოწყობილობები
8479,სპეც. დანიშნულების მანქანები
8480,ყალიბები და ბოყვები
8481,ონკანები და სარქველები
8482,საკისრები
8483,ტრანსმისიური და მრუდმხარები ლილვები
8484,ფურცლოვანი ლითონის შუასადებები
8486,ინტეგრალური სქემების აპარატურა
8487,უიზოლატორო დანადგარის ნაწილები
8501,ელექტრული გენერატორები
8502,ელექტრო გარდამქმნელები
8503,ელექტრო გარდამქმნელების ნაწილები
8504,ელექტრული ტრანსფორმატორები 
8505,ელექტრომაგნიტები
8506,ელემენტები და ბატარეები
8507,ელექტრული აკუმულატორები
8508,მტვერსასრუტები
8509,მანქანები ელექტრომექანიკური საყოფაცხოვრებო
8510,თმის საკრეჭი მანქანები
8511,ელექტრომოწყობილობები შიგაწვის ძრავებისთვის
8512,ელექტროგამანათებელი ან სასიგნალიზაციო ნიწყიბილობები
8513,პორტატიული ელექტრული ფარნები
8514,ღუმელები და კამერები
8515,ელექტრული შესადუღებლები
8516,ელექტრული წყალგამახურებლები
8517,სატელეფონო აპარატები
8518,მიკროფონები
8519,ბგერათჩამწერი აპარატურა
8521,აპარატურა ვიდეოჩამწერი ან ვიდეოაღმწარმოებელი
8522,ნაწილები ვიდეოაპარატურის ან მსგავსების
8523,მატარებლები მზა
8525,რადიოსატელეფონო აპარატურა 
8526,დისტანციური მართვის აპარატურა
8527,რადიოსატელეფონო ან რადიოსამაუწყებლო აპარატურა
8528,სატელევიზიო კავშირის აპარატურა
8529,ტელე-რადიო აპარატურის ნაწილები
8530, სიგნალიზაციის მოწყობილობები
8531,სასიგნალო ხმოვანი ელექტრომოწყობილობები
8532,მუდმივი ელექტრული კონდენსატორები 
8533, ელექტრული რეზისტორები
8534,ნაბეჭდი სქემები
8535,აპარატურა ელექტრული წრედების კომუტაციისათვის
8536,აპარატურა 1000 ვ > ძაბვის წრედების კომუტაციის
8537,"პულტები  პანელები, კონსოლები, მაგიდები"
8538,ნაწილები  ელექტრო აპარატურისათვის
8539,ელექტრული ვარვარის ნათურები 
8540,ნათურები და მილაკები თერმოკათოდით
8541,ნახევარგამტარი ხელსაწყოები
8542,სქემები
8543,აპარატურა ინდივიდუალური ფუნქციებით
8544,კაბელები
8545,ნახშირის ელექტროდები და მუსები
8546,ელექტრული იზოლატორები
8547,საიზოლაციო არმატურა ელექტრული მანქანებისათვის
8548,ელემენტების და ბატარეების ნარჩენები
8601,ლოკომოტივები
8602,ტენდერები
8603,ვაგონები
8604,სატრანსპორტო საშუალებები ლიანდაგებისთვის
8605,არათვითმავალი სამგზავრო ვაგონები
8606,არათვითმავალი სატვირთო ვაგონები
8607,ლოკომოტივის ნაწილები
8608,მოწყობილობები ლიანდაგებისთვის
8609,კონტეინერები
8701,ტრაქტორები
8702,ავტომობილები 10 კაცზე მეტის გადასაყვანად
8703,მსუბუქი ავტომობილები
8704,სატვირთო ავტომობილები
8705,სპეც. ავტომობილები
8706,შასი სატვირთო და სპეც. ავტომობილებისთვის
8707,ავტომობილების ძარები
8708,ავტონაწილები
8709,სატრანსპორტო საშუალებები
8710,სხვა პროდუქცია
8711,ველოსიპედები და მოტოციკლები
8712,ველოსიპედები
8713,ინვალიდთა ეტლები
8714,ველოსიპედების და მოტოციკლების ნაწილები
8715,საბავშვო ეტლები
8716,"მისაბმელები, ნახევრადმისაბმელები და ნაწილები"
8801,აეროსტატები და დირიჟაბლები
8802,საფრენი აპარატები სხვა
8803,საფრენი აპარატების ნაწილები
8804,პარაშუტები და როტოშუტები
8805,საფრენი აპარატების მოწყობილობები
8807,საფრენი აპარატების ნაწილები
8901,"გემები საკრუიზო, ბორნები და მსგავსები"
8902,გემები თევზსაჭერი და მსგავსი
8903,იახტები
8904,ბუქსირები და გემები
8905,"შუქურები მოცურავე, გემები სახანძრო, მიწის ჭურვები "
8906,გემები სხვა
8907,სხვა მოცურავე საშუალებები
8908,გემები და სხვა მოცურავე საშუალებები
9001,ოპტიკური ბოჭკოები
9002,ოპტიკური ელემენტები
9003,ბუდეები და არმატურები სათვალეებისათვის
9004,სათვალეები
9005,ოპტიკური ხელსაწყოები
9006,ფოტოგასანათებლები
9007,კინოაპარატები
9008,პროექტორები
9010,კინოლაბორატორიების აპარატურა
9011,რთული მიკროსკოპები
9012,მიკროსკოპები
9013,მოწყობილობები თხევად კრისტალებზე
9014,სანავიგაციო ხელსაწყოები
9015,ხელსაწყოები ტოპოგრაფიული და მეტეოროლოგიური
9016,სასწორები
9017,ინსტრუმენტები მათემატიკური
9018,სამედიცინო ხელსაწყოები
9019,აპარატურა მექანოთერაპიის
9020,სასუნთქი აპარატურა
9021,ორთოპედიული სამარჯვები
9022,რენტგენული აპარატურა 
9023,სადემონსტრაციო ხელსაწყოები
9024,მასალების სიმაგრის გამოსაცდელი ხელსაწყოები
9025,არეომეტრები და ანალოგიური ხელსაწყოები
9026,სითხის ან აირის ხარჯის საზომი ხელსაწყოები
9027,ფიზიკური ან ქიმიური ანალიზის ხელსაწყოები და აპარატურა
9028,"აირის, სითხის ან ელექტროენერგიის მრიცხველები"
9029,"მრიცხველები, ტაქსომეტრები, ბიჯმზომები"
9030,ოსცილოსკოპები
9031,საზომი ან საკონტროლო ხელსაწყოები
9032,ავტომატური რეგულირების ხელსაწყოები
9033,აპარატურის ნაწილები და საკუთნოები
9101,ძვირფასი ლითონის საათები
9102,მაჯის და ჯიბის საათები
9103,საათები არათანსატარებელი
9104,საათები ხელსაწყოებზე
9105,სხვა საათები 
9106,დროის სარეგისტრაციო აპარატურა
9107,დროის გადამრთველები
9108,საათის მექანიზმები საათებისთვის
9109,დაკომპლექტებული საათის მექანიზმები
9110,აუწყობელი საათის მექანიზმები
9111,მაჯის და ჯიბის საათის კორპუსები
9112,არათანსატარებელი საათის კორპუსები
9113,ბრასლეტები საათებისთვის
9114,საათების ნაწილები
9201,ფორტეპიანოები და კლავიშიანი ინსტრუმეტნები
9202,სიმებიანი ინსტრუმენტები
9205,მუსიკალური სასულე ინსტრუმენტები
9206,მუსიკალური დასარტყამი ინსტრუმეტნები
9207,მუსიკალური ხმის ჩამწერები
9208,მუსიკალური ზარდახშები და სხვა
9209,მუსიკალური ინსტრუმენტების ნაწილები
9301,შერეული საქონელი
9302,შერეული საქონელი
9303,შერეული საქონელი
9304,შერეული საქონელი
9305,შერეული საქონელი
9306,შერეული საქონელი
9307,ხმლები და ანალოგიური იარაღი
9401,დასაჯდომი ავეჯი
9402,სამედიცინო 
9403,ავეჯი სხვა
9404,ლეიბის საფუძვლები
9405,ნათურები
9406,სამშენებლო კონსტრუქციები 
9503,შემცირებული ზომის სათამაშო მოდელები
9504,საქონელი ატრაქციონებისათვის
9505,კარნავალის ნაწარმი
9506,ფიზკულტურული იარაღი და ინვენტარი
9507,თევზჭერის ან ნადირობის საკუთნოები
9508,ატრაქციონები
9601,დამუშავებული სპილოს ძვალი
9602,სანაკეთო ჭრის მასალები
9603,ცოცხები და ჯაგრისები
9604,ხელის საცრები და ცხრილები
9605,"პირადი ჰიგიენის, კერვის ნაკრებები"
9606,"ღილები, კნოპები, საკინძები"
9607,შესაკრავი ელვა
9608,კალმები
9609,ფანქრები და ცარცები
9610,გრიფელის დაფები
9611,"შტემპელები დათარიღების, დაბეჭდვისათვის"
9612,მანქანების ლენტები საბეჭდი
9613,სანთებელები
9614,მოსაწევი საშუალებები
9615,თმის სავარცხლები
9616,არომატული აეროზოლები
9617,თერმოსები
9618,მანეკენები
9619,სანიტარულ-ჰიგიენური საფენები
9701,სურათები და ნახატები
9702,"დედნები გრავიურების, ესტამპების და ლითოგრაფიების"
9703,ქანდაკებების დედნები
9704,საფოსტო ან საბაჟო მარკები
9705,საკოლექციო ნივთები
9706,ანტიკვარიატი 100+ წლის
9801,ნახმარი ავტომანქანის ნაწილები
9802,მეორადი რბილი სათამაშოები
9803,მეორადი ტყავის ნაწარმი
9804,მეორადი რბილი ავეჯის ნაკრები
9805,ნაჭრები და ქსოვილები
9905,პირადი ნივთები
7700,შერეული საქონელი